"Path","Bytes","SHA256"
".config/dotnet-tools.json","156","44BA3F2EE12065B603EAA4D9F670ABC472D4E8F6EFF4EDE3D0247DB86DAF0846"
".dockerignore","276","37FAC1035D7E2B84921CF5B136ABCB4267B88C21A6658837C0CB21082009E47D"
".editorconfig","5043","DB94389BE669AEA973039879E04B16966688C905686DB2C755996B568056F3E3"
".env.example","937","898668759FDBDBD0FA43FB6EF1CA65268075055B72A7594AEF8527470C865357"
".gitattributes","149","C8CD26F4BB4FD1D90B8D9D769A70A74030D7AD7C3E90CF569EF1631CD31F6319"
".github/workflows/ci.yml","7163","3E2CFA570FA394DECF5562BD7635D80CC863B530C03EE13A5138D6BAA71CCEE9"
".github/workflows/codeql.yml","2631","7A28031C2FAB9033E60F8069EC5E6E3CF69539719A7F45F4654EAB1BBDA616E5"
".gitignore","1939","DB0D4B473B2365336EEB012297990FCED227E7EF4C32A273A1447AFD7F6CABF5"
".gitleaksignore","428","E6B9A6169B5D551A65FDDB1AF17C3CE79BF64EE6CFAB37C97D1A1A866EBF6122"
"Directory.Build.props","1073","22E0B1BEB424C07EAE373C085DF18C123081DF313D1C74AB145468E55C789F82"
"Directory.Packages.props","3256","468E02B16E8DF2CA48EE93A1FED86522E4C3C30A7F4F366591AD99CFECDD2652"
"FulfillmentHub.slnx","979","1D3FED2264FD5D92AC1AEF06F728830CF148CA9794BEE09E49C96C03976E6740"
"LICENSE","1084","148FF56B7168FE5FFF9153F848AC507B6A354AFDDE1700CF6CD72321EA9BC481"
"README.md","17009","BA3861B2B03B5715DE6C9E21878C769F2DBE162544B463F617334C5D62CC0D84"
"docker-compose.yml","8415","CA7EA0BEDC61906444CD89E9634009AD7FB078C746DB10CCCCB1D309B3E2133A"
"docker/Dockerfile.api","1796","01D21767D44B2AF952B228C66262D284879FD651E79F4528D85A151D9F9475B4"
"docker/Dockerfile.simulator","1502","230EDFAF140CF7A2853B0FE9244E62D955A647E10F46AA7D41276D64AA6D32D0"
"docker/Dockerfile.worker","1884","C05A40788FC543AAE65CB75F392D100D060FBDA7AC72439B31FA0C32058B740B"
"docs/ARCHITECTURE.md","14321","54548DC658654F307213469B7AA61D046CC72742B2B7D17DE2F00B0B6B052494"
"docs/AUDIT-2026-09-24.md","8947","7B1889DFBA3A7344826889E8A6DE8807B3947A2DC63105A06C97E441CD10D391"
"docs/AWS_ARCHITECTURE.md","7083","265194AC1A5EF037E8BC52D4A41C8D3B527BD62C258B0144AE08ADC249CF5110"
"docs/BACKLOG.md","20234","88FD82DEDAC6F5F477D0C0FF0992FDCDC1AE38377E4E3F4AE1B0C3F923A0314A"
"docs/DECISIONS.md","36309","DAA7EE0941CCE9954F93A17B0B270B0317C94BC3B177A7ADBA87EE661E31D7AF"
"docs/DEPLOYMENT.md","13561","53EE2920641DD87BF962A74E75C82D40572FDD785A07F18433F153660BC6138F"
"docs/DEVELOPMENT.md","11846","FCE3CD9923B60A14B241430A61D1BC8FB60BC12958405B10B96311D01C1043BD"
"docs/DOMAIN.md","18316","889D0B738933722A1743C96C49C62FBF6B846CA648656290427A4229C9A069A7"
"docs/INTEGRATIONS.md","29656","F4C9C119872EF5820582772C468A461C45300DF491B6C45566B383FCD63730D1"
"docs/KUBERNETES.md","3003","6D6C9D9567CE8FFF1097C5E68E18E0ED91354122573CB7CF1FA2A8183CBFA551"
"docs/OBSERVABILITY.md","19712","E835C4A71490E817ACFAFB68D69880C0696A98E11919751F4FF1DB34DDCDE2CC"
"docs/PRODUCT.md","11499","7BAC3DA6C91DCE8CD8B7C3BB036235229FF1C224E3D6EACF7875EBE0BAE8017D"
"docs/PROJECT_STATE.md","7116","D16F5C8AF6E21B2E7E6637F72C8C03473810A1F9F630FF2569ADB6D6B4B4D5A9"
"docs/README.md","3372","34AD46B846CF27AFE328D0ACCBA5B2D075E149BEC7B5C5D988BB7C5E45AE6B1E"
"docs/ROADMAP.md","29078","53BE905C2428D1B4776CEDE2FDE6A1B745975DCFD09C9516ADFA5EE49389C898"
"docs/SECURITY.md","34964","E380F4C18C4B62D6AA121BADED44812F82E6324FF9652D719DA1E475E47B1DB1"
"docs/TEST_STRATEGY.md","15012","333B192CF5D1A4335C35CA94BF0E8371ACEB5C20BF93BA38BACB2760D0662E46"
"docs/adr/ADR-001-modular-monolith.md","1897","E1214889B126EE837C633A783AC13773CFE0FC2395E4CC25446F638FF4261CBA"
"docs/adr/ADR-002-postgresql-efcore.md","1287","3A149208D5846A5C45F7AD7BEF64C91D40E98B38A01EC9B89922D7CD096C5815"
"docs/adr/ADR-003-provider-simulators.md","1971","36745BF94C0B324D00F01D6B759E12F65CB3B9C19C7D32CC2BF0892ADCE16164"
"docs/adr/ADR-004-transactional-outbox.md","5808","9AFDAFE322496F99B3FF22DE9C75B751345020D1FF82254BE1FF1CF9F6615804"
"docs/adr/ADR-005-sqs-messaging.md","5030","6DED57F3F60C8924CD20527CFA4F3461D7DFF2826857C51EB3DE22E5612BD517"
"docs/adr/ADR-006-no-repository-no-mediatr.md","2059","4C50B0F7840A7B02801872C28FEB2B99FAB9D688CA58EB8A51FB05FDAF0A1B13"
"docs/adr/ADR-007-minimal-apis-problemdetails-validation.md","1695","6647BB23953851750AF64103F3825E88D945A5CABC0BD07A53C7317261DCE82D"
"docs/adr/ADR-008-authentication-jwt.md","2077","E1524C56A9F1D578E3E3F091F8F47D6DCBBE0CF50D294EAB056371F698D15CDF"
"docs/adr/ADR-009-observability-opentelemetry.md","2222","09A027D7F2C918FBDD32181D9FEB201C6CFAF7FD40EC6C5C0617AF56FC3E7462"
"docs/adr/ADR-010-idempotency.md","3738","26F4C44B768F1B5F8795427FD81FC210E68B4DE07D2A9237BBB402C37A41D4ED"
"docs/adr/ADR-011-aws-ecs-fargate-terraform.md","2061","22B05E74447F253A3370C6504FAB0C6336669D251E974FA0433D9D4837108D3F"
"docs/adr/ADR-012-testing-stack.md","1710","C17FB0C4046FE17E06DCFEAFD203C95E37A6F908BF33F36B691BEF9AAA4C9BEA"
"docs/adr/ADR-013-dotnet-10-lts.md","1410","50FD366F5A1807AA6BEF529F8F442B92A45BB7DBB5D347D25B9EA3C5F91D1545"
"docs/adr/ADR-014-sessions-and-trusted-proxies.md","6198","F0FC775BF70920571E36466F2630F18CA8223B7B3B003C339DB3DCA28C68D428"
"docs/incidents/2026-09-21-slow-provider-drill.md","10223","DA4301813AEF1098A3188691991D12F2BBD23C499DE34503C3B637E23CA1D2A8"
"global.json","141","E76756643391C913EDE73DF24C7BDC3ABA3F7936BF61C79D568C01F4BE4FF3C1"
"k8s/apps.yaml","3702","D389633B58087BD9133AD47FFEB12006D55CF3DE109D832A04F230177DFEC5F6"
"k8s/infra.yaml","3281","7814E26DFB58B52C923F1CD7942F0FCA7B2FE8886D86477352A64DEC686A1A69"
"k8s/migrate.yaml","634","EAE45737E7436C1E7B455905EBCE32EA8D0DC56E7FCB7A655C74493A795417CB"
"k8s/seed.yaml","625","9F17D6D2E13330CB345684BDCF60F13B7E1B1249D3B650097A0DDBEA43240479"
"observability/grafana/dashboards/fulfillmenthub-overview.json","6374","EAA7FAA8E4724C24C5C5D17ADF4AC7D752BD1C333889CB8C93E1E281B7473606"
"observability/grafana/provisioning/alerting/fulfillmenthub-alerts.yaml","9618","40AAD4CC7B3759B6738916817F190E2D6A96BBD9189B1C8518D7BC5555644F28"
"observability/grafana/provisioning/dashboards/fulfillmenthub-dashboards.yaml","369","E6081904324FC655377B46F0FEBA4BCD9B408031CEE0A0478FD93DC9C4903F10"
"scripts/alerts-status.sh","1480","5D9B19EB77B8B3272AC6200854CD73666746B6EB91EF2937FFEDA17027312C55"
"scripts/place-orders.sh","2391","8FCBA30F78E0589C2E2690E2E14957BE3B2B7EAB06E2C64C7A6C22DA3EDA3E8D"
"scripts/run-e2e.sh","1496","BF617ADA10B27C6750C550100A5659369B6522F05219246B0164D16C632FD352"
"scripts/start-minikube.ps1","3222","3D7C6A2F3D811D02692B41DE0533D8BF7D4E2B90B15FEF6E394F8C0E000EACDE"
"src/FulfillmentHub.Api/Admin/OutboxAdminEndpoints.cs","3699","AB35B525FDF3775F13A324F2DE5A325B851E2C23A6E9FD138017995AD29D2090"
"src/FulfillmentHub.Api/Catalog/ProductsEndpoints.cs","783","12326B07076D0F6926EA1A0B5FBF699544D0B15BC444AA1F7F5ECD5B6AED58F1"
"src/FulfillmentHub.Api/Common/FailureResults.cs","1255","E3F6330832E5C5E7FE20D8BAAC476F2D432F1EAB62D527CBF6C566717EE50E13"
"src/FulfillmentHub.Api/ErrorHandling/GlobalExceptionHandler.cs","2979","0FA7410EA6218C8C091700F72012907FE974FA4DAB5B05F3649B8FDAE3D1D6C6"
"src/FulfillmentHub.Api/FulfillmentHub.Api.csproj","1097","359ABDEC0B99A7457DCD43E23A8A2D9EC818F42B046F6B37E085F9C592C415A6"
"src/FulfillmentHub.Api/Idempotency/IdempotencyFilter.cs","6567","DB01BCB3815BFF0C6592772AE152DE7653A8F3F818C834DEEC847AD08E832891"
"src/FulfillmentHub.Api/Idempotency/IdempotencyMetrics.cs","756","3DF133CD5F9FE84FD42BB7093AC66E90FF43AF49BA451EB8D3EFFB13757A6819"
"src/FulfillmentHub.Api/Identity/ApiSecurityServiceCollectionExtensions.cs","4310","BED41EF978DDE77F2B906BE8A1BC138BCB6A70DD507B15798120C2C0948AC13D"
"src/FulfillmentHub.Api/Identity/AuthEndpoints.cs","1998","19DFBDA1A4004BCD22B847C923AD1A8993FA4D35C5CA8414EB842DC7F02C774B"
"src/FulfillmentHub.Api/Identity/AuthorizationPolicies.cs","1142","F14BB56F2687DA6F3341F2E59AA072AB0A3A1791C57FAA0F6519B9C961690886"
"src/FulfillmentHub.Api/Identity/CurrentUserResponse.cs","142","947B89DB72505099860BFC154EB3B7619EA7B7DF8C7DA1A44DF2206449326E26"
"src/FulfillmentHub.Api/Identity/HttpContextCurrentUser.cs","1594","ED4BDE1AAF0BE54D4E58DB0154D8AC502C8376AAE37A40C568E68BD2A20A1D66"
"src/FulfillmentHub.Api/Identity/JwtBearerOptionsSetup.cs","2304","86D4907B9281BF6156A6898CCC35CD9CD8D3DA73CBCBF0A3EE0B1C3392D492AF"
"src/FulfillmentHub.Api/Identity/LoginRequest.cs","365","02025358FED98FD931B8D5F9FF4F8A835CFE855CA664B7F1CE1FA74D17F65539"
"src/FulfillmentHub.Api/Identity/RateLimitOptions.cs","1209","359C160A2F07660258B9F096EA4F5168F6247F534E89435260D5B2B44CE774B8"
"src/FulfillmentHub.Api/Identity/SessionEndpoints.cs","4164","8397FECFC80B9A69551C86181AA99143B36CAF3F7DF243AEC51934B67DEE5BA5"
"src/FulfillmentHub.Api/Identity/TrustedProxyExtensions.cs","2616","4A6F8A2CEB408DA40743850CFEA37661DE0478A44E1B36F8AA38749EE6901FFF"
"src/FulfillmentHub.Api/Identity/TrustedProxyOptions.cs","745","2BA04CC423F63479CC3C113DC02AE04759C52D174FC164B927A7249AD9A88EB7"
"src/FulfillmentHub.Api/Identity/UsersEndpoints.cs","1333","D5B3394BB116FC19D3C2271823035FB7925C7B13A150B50BEF33714AEB7F8E63"
"src/FulfillmentHub.Api/Middleware/CorrelationIdMiddleware.cs","1449","8F02F1AD448DE45E8A71F0C5642A7BD2532713E2E828A285E28E995433D93B68"
"src/FulfillmentHub.Api/Middleware/SecurityHeadersMiddleware.cs","1779","F00D5E7F1E745AF8A55990DF7A8F023B8A7C6B511FF682A17F9CE85583E77207"
"src/FulfillmentHub.Api/Orders/OrderRequests.cs","1383","F22F4BE45650FAA98E7EB78112F8CD168010B0FDC55D2B652A3ABB972901E626"
"src/FulfillmentHub.Api/Orders/OrdersEndpoints.cs","5423","E33958E155A9A875AE0D45998C3A60EEE3758D6148948DDBF5F18BE1ACDF2A1D"
"src/FulfillmentHub.Api/Program.cs","5498","CFD88A6B6026BD9828F9642098798AEDC7996B3F3A0A4313A9411FEBDB7D5356"
"src/FulfillmentHub.Api/Properties/launchSettings.json","341","B146BEEEA016FBF7D45E33DCFB06417B2FFC3CB71B6331B61940AD444A09E598"
"src/FulfillmentHub.Api/Webhooks/DeliveryWebhooksEndpoints.cs","2111","5449E3EEAE5528A9EFF58A97BA2FB4BDB833A0034F01AF9487EBDFE285AC42E9"
"src/FulfillmentHub.Api/Webhooks/PaymentWebhooksEndpoints.cs","1969","A53BF764EB7FAD43BA92AC7E0B510AC914D53EF7121FB65E9A9885E60BADC065"
"src/FulfillmentHub.Api/Webhooks/WebhookReceiver.cs","6774","BAAE9954EBCE6E3B013DC6D75082B5A802616B2AF966F2F5D990B309297DFFD1"
"src/FulfillmentHub.Api/appsettings.Development.json","379","CA3D42AA14A983C5C623C2C07D18568FA25C516AA4F4340D11BA439B2D481323"
"src/FulfillmentHub.Api/appsettings.json","2128","3FF5A1840DCE287D4EC2AAD25CCD7D42B71BA7AC8F5CF35F5BA85E16E6EFC7D6"
"src/FulfillmentHub.Api/packages.lock.json","23348","53335A6C8DBD6F6D1DB285ED8EB15ADA0C13512F077FE701EC418984E89A66D6"
"src/FulfillmentHub.Application/ApplicationServiceCollectionExtensions.cs","2706","24CB4678525181C6E3D6C8EDFB3A549C1078B8A799756981BD171E087E899F09"
"src/FulfillmentHub.Application/Catalog/ProductQueries.cs","963","FA972B742CAF4DCC4B76C4DF9C2B1E5E7F1A32D9D241C0FCB4CCBD2057430E77"
"src/FulfillmentHub.Application/Common/AddressDto.cs","639","7AFBBA30532A5A745EC13387409D05B9B313411B5CBDB40C05F3506140788D53"
"src/FulfillmentHub.Application/Common/ApplicationTelemetry.cs","667","A9D867A2308CAF95451BB91FBD046005A8B725AB4E5B26C374747FE7C96F81C1"
"src/FulfillmentHub.Application/Common/Failure.cs","1344","5AA391A8848C92CBD03CE15C597CBC3A7515A79C61B2953B2DBFB2C7E8643F45"
"src/FulfillmentHub.Application/Common/MoneyDto.cs","328","DD64750EE3FDE9E440BD7A714D1FAB4ACA27AD73DD931669EB5D72BD8882576A"
"src/FulfillmentHub.Application/Common/Persistence/IFulfillmentHubDbContext.cs","1206","AE1F796C142D72C024B5DBB23C3A3F4A712F44A0A4084BF6A316BC6C679ECF72"
"src/FulfillmentHub.Application/Common/Result.cs","1089","11D5DE29DD261DB0689FD3EC0EC6DE46B28E0A6CE1782D2EFC9C052C924B851B"
"src/FulfillmentHub.Application/Deliveries/ApplyDeliveryWebhookHandler.cs","1786","99894115497D33C5C291D9602158D73ADF81FA8A0B8146F3FD8222C0F416F77B"
"src/FulfillmentHub.Application/Deliveries/CheckoutDeliveryQuoter.cs","2696","6A829B57B358C71DA7E57CDFA0F668E3E423264531AA507F904639062159E3A7"
"src/FulfillmentHub.Application/Deliveries/DeliveriesMetrics.cs","1248","0CA01EDDFFBB432637D5C6E671099612B907B280F75FBB577F980626DDAB8C3E"
"src/FulfillmentHub.Application/Deliveries/DeliveryStatusApplier.cs","4896","0DC4B6A6E11B6863C9D62FB6738649F9474B5F8C213E2E081A18ECD649C5447E"
"src/FulfillmentHub.Application/Deliveries/FulfillmentOriginOptions.cs","1807","516DDC8466B3B743E7E86CDB2421DC061F473F006006C76538CFAF34DD8A3545"
"src/FulfillmentHub.Application/Deliveries/IDeliveryProviderClient.cs","2309","D9B63611525F5AC70DC923F8A0A27A440030020D3BC61955149D45B04B1E3F12"
"src/FulfillmentHub.Application/Deliveries/ReconcileDeliveriesHandler.cs","4370","75019E433C267C06582273657C048CD579242585BD78865A0E742E8EE8253B69"
"src/FulfillmentHub.Application/Deliveries/RequestDeliveryHandler.cs","11174","FDCF59FB38956F69E487C0323A20B0C71AC7B6FD44C3547174210EBC4BC3FC79"
"src/FulfillmentHub.Application/Deliveries/RequestPendingDeliveriesHandler.cs","2317","AE5D81B6D228BFE79BFA828D6D77F3C85228C53CA88BF7E824AB092F5AE4540E"
"src/FulfillmentHub.Application/FulfillmentHub.Application.csproj","570","5F7C7EAAC0BB504B4EA7A1750197BB2A47F4D86ED030C9F62685A2F613C375DE"
"src/FulfillmentHub.Application/Identity/AnonymousCurrentUser.cs","518","19C75BABB0F92CE0F15915EA7F336E01831EC4B2FDC478460DBC689BB97F3A75"
"src/FulfillmentHub.Application/Identity/ICurrentUser.cs","465","AC300EC46D740714252ED87B914B1E37F29AA3EE66C344E131A5118A8EF2F446"
"src/FulfillmentHub.Application/Identity/IPasswordHasher.cs","748","9C6A2FA4DA5FFB104B5C213FFCA9EB23F481FFA0EB5EC294081BA92720EFF0D3"
"src/FulfillmentHub.Application/Identity/ISessionIssuer.cs","415","47CD2DDD80D49CF49E9B2B6CC0C1C5A6F8825AE81824647B51A362D1587645A8"
"src/FulfillmentHub.Application/Identity/ITokenIssuer.cs","434","92EFE855C5827258267745A83F510FF441958B95CC3EB8847E52CFEC89A456D0"
"src/FulfillmentHub.Application/Identity/LoginCommand.cs","114","86EB6FC08918D4479A44399BB38669B6119CB7E3E4CBD8BC4441D797A2294F05"
"src/FulfillmentHub.Application/Identity/LoginHandler.cs","3418","F6303457DF3B970A9BFE069602AAE926AD14F7E14CA37128C0ABA2B5C1F161B3"
"src/FulfillmentHub.Application/Identity/LoginResult.cs","241","452991403B0BED5AE5B6D462AA770E323ACAD1D1844FB6D9C6EDE524CD312A13"
"src/FulfillmentHub.Application/Identity/UserDetails.cs","229","2457A8D62E47AB13A3296B0F5C3FBA25F0A440B55610F8CBA640E2CDC93F022A"
"src/FulfillmentHub.Application/Identity/UserQueries.cs","864","3CA957CA7EE2EA158D6F8EE8B15E89E3439DA1218429F43DF9B497FCDDED9BC0"
"src/FulfillmentHub.Application/Messaging/IMessagePublisher.cs","1247","1F93C571FA6B48BB56B22008BD957DAD5DEAB27110F4A4DD1C3FD0C7662CD147"
"src/FulfillmentHub.Application/Messaging/QueueMetrics.cs","2118","D6F7E4A5A5D0D1C98160E50066832A6975441FEA1A85FA4368333A6EB4915A9B"
"src/FulfillmentHub.Application/Orders/CancelOrderHandler.cs","5694","4555BB77DCAD8A041B2169A15260A2BD9CD5560DD8B7A8A235735382655B7E96"
"src/FulfillmentHub.Application/Orders/OrderDtos.cs","2051","1E3436F52C10C793909FC932DD8BC7F49523A26EF712E4E7409B3BF69A5E1B5E"
"src/FulfillmentHub.Application/Orders/OrderQueries.cs","4207","D3B2BC93C62ADFE3220F997C30E345534E5E8A350EBA780CCF63D1FAB3F58283"
"src/FulfillmentHub.Application/Orders/OrdersMetrics.cs","1946","083370C57E9B6F29CE0C89FF42C468A8AD7D9F0E44AFB30D02D0E9D3245FCD91"
"src/FulfillmentHub.Application/Orders/PlaceOrderHandler.cs","6716","43AC5BE00A857415EA6B90C51C03D566062DAB694A7BAB39FC80D6A517B1A7FC"
"src/FulfillmentHub.Application/Orders/StockRelease.cs","828","7316A2456BDD1DBC0AF35B15DBA4BB0CC3FB24EC3B16CA5BECBAFA1796A839D5"
"src/FulfillmentHub.Application/Outbox/Handlers/OrderCancelledHandler.cs","965","314B3BB40F2752C3177228F2D258AEFB66F30EA41F0FD2B3BC0D4BF6B3E88D89"
"src/FulfillmentHub.Application/Outbox/Handlers/OrderPaidHandler.cs","1155","3E7E4F08F80C20740487279AE7DC0B22A333C41451579326A91640E29412CE15"
"src/FulfillmentHub.Application/Outbox/Handlers/OrderPlacedHandler.cs","1087","765DC371CC5311EF74A4FD671A60450080605E4578A66891C4100A97A8CC78E6"
"src/FulfillmentHub.Application/Outbox/Handlers/PaymentPaidHandler.cs","1052","21BA268F441975B29B798B7EC08D0B382B7B6FB62A0854DFDC5284EDFAD2B573"
"src/FulfillmentHub.Application/Outbox/IOutboxHandler.cs","1614","E8CC3D19A1CEA327C49B28918F05369F2910932A6E4D5742BBB8927C8CC0068D"
"src/FulfillmentHub.Application/Outbox/OutboxMetrics.cs","1968","AC6B3707AF920DCB6EC5570F0A93A702A2A2D81B6A23EE726B5C66661870EE25"
"src/FulfillmentHub.Application/Payments/ApplyPaymentWebhookHandler.cs","3110","A858FAC7BF1B8438377D82297DE453EFA8D7B5BE05F8731E98CA9CBDA174F3A0"
"src/FulfillmentHub.Application/Payments/CreatePaymentForOrderHandler.cs","5631","A2EF1F42BB0D3FAAA361B553D77F86557046832055CC947AC2BE5B35347D0D33"
"src/FulfillmentHub.Application/Payments/IPaymentGatewayClient.cs","1367","E8764BA1D917ADD45CCBE16A420F84795971F79188E0A22C7F77D154806D10E1"
"src/FulfillmentHub.Application/Payments/PaymentStatusApplier.cs","4417","50B1FAB58728BF3D663BE05C4580446D2D34A492AB6422FDC5581CE183F7A300"
"src/FulfillmentHub.Application/Payments/PaymentsMetrics.cs","1030","0C8356F24F3AA7C9FBB395D93C610E443496DE1CEF5E6EB23905EB3F16C8A6FD"
"src/FulfillmentHub.Application/Payments/ReconcilePaymentsHandler.cs","4558","FAE0818AC5DA8DE872251A8EB3D9DEE68830CAE7726A10D2254D63B708F0F23E"
"src/FulfillmentHub.Application/Payments/RefundPaymentHandler.cs","3096","261C7832E79FC14B4A4528C448A445A345168620645AB22DC06AEDF22EA92DBF"
"src/FulfillmentHub.Application/Webhooks/WebhookOutcome.cs","441","67BA82AA741D8D9FF3679F1B25488C0B2A2FAAA0A59E06F0107FED9E20DDD1E0"
"src/FulfillmentHub.Application/Webhooks/WebhooksMetrics.cs","2232","DD6EF4ECF5EC100865EB7E99191CCB656CC15D1199F922C5D6A61E3EAE2298EB"
"src/FulfillmentHub.Application/packages.lock.json","4105","6DF1E874C72AD36FF102D1619AFEF728556439A250C9506E718D9319FAD39582"
"src/FulfillmentHub.Domain/Catalog/Product.cs","3437","2DA494D65020A00148E5FA5A8E367218991EBB1017BBFBC671568F8AC3281E61"
"src/FulfillmentHub.Domain/Catalog/ProductId.cs","351","E4DE80AEEFC2218881E99EF33036AF62AEFB4CEA0DBCF1AB7AECD5365195335C"
"src/FulfillmentHub.Domain/Common/Address.cs","2891","7BBA4608DB2A48C048DB98C05777F3337CC17B0E59E75D3116044DF24230AA81"
"src/FulfillmentHub.Domain/Common/AggregateRoot.cs","664","2D36A3BAB2E142E84F7865CF1773EDE68D7B6015C343FEB91CF3B22E2040E77A"
"src/FulfillmentHub.Domain/Common/DomainException.cs","505","1BBE9BE8252BB271961C8E081288728D53F4660F07A0E72DF94908C5DF4DE108"
"src/FulfillmentHub.Domain/Common/EmailAddress.cs","748","2A55E901E69E60C5C9166DE12AAD3BF7A1ECFCC92FCE99432F08D2732826523F"
"src/FulfillmentHub.Domain/Common/Entity.cs","514","161DDE0B515FD413D8F0BBD4016FF06413388AB3977571F7BDA26466F0F29ECC"
"src/FulfillmentHub.Domain/Common/IAggregateRoot.cs","295","8FD09E7D4F0EE247BD2BDCD8BD55DE0897228E1110FB484C129079AC3EFE2CD9"
"src/FulfillmentHub.Domain/Common/IDomainEvent.cs","114","28F4066F8E95D852257CB40CC0FF523532C0982CAAD30EE50F4E08FFA40A3404"
"src/FulfillmentHub.Domain/Common/IStronglyTypedId.cs","339","DF504759BCBAC3C16A0C66D7F0B83E16AE0C0C4037E781AB28CE1D214BBE2E50"
"src/FulfillmentHub.Domain/Common/InsufficientStockException.cs","372","6B9D6DE7AF6505F2947EFE307D0D82F0FDDA8ABEADBEB1C34860D436B30EC22A"
"src/FulfillmentHub.Domain/Common/InvalidStateTransitionException.cs","336","4E22EF3A995D6E409C6C0DDDE9B9732C4829FE1870A89A2DAE34DDDFC1886B61"
"src/FulfillmentHub.Domain/Common/Money.cs","2068","4195058C1C567B754C86A52B41E4F950ACD18A0A90ACFEBE88D52A2CE600D598"
"src/FulfillmentHub.Domain/Common/PhoneNumber.cs","901","B007ED2339FA1C1DF01B1BB4F92BBF6F68CC399C6D8116E038A2193437BC3BEC"
"src/FulfillmentHub.Domain/Customers/Customer.cs","2936","73FB8FA0AD7DA108B199AA74E7EECCBBD07DBA18CAA245F1E1A812260DBEAED6"
"src/FulfillmentHub.Domain/Customers/CustomerAddress.cs","1165","55039E137379AD4AF1713AFB483A8570F871322E2D2AFC93BD242BF86F10CC0D"
"src/FulfillmentHub.Domain/Customers/CustomerId.cs","357","533A8DCDE1048C79578AB011D9B20DD37A23415EA0FFFA07AEA6A5BBEDFD4506"
"src/FulfillmentHub.Domain/Deliveries/CourierInfo.cs","1084","0AB8FE91071CF647E75EA739B9AA0ED6FEFF6C3313E72F49F6F707670154BE8B"
"src/FulfillmentHub.Domain/Deliveries/Delivery.cs","6895","95C4F9F3F2C71C769C3957F534F7F55ADCD4BD888E4CA8FB6CDB6EC2968FE681"
"src/FulfillmentHub.Domain/Deliveries/DeliveryEvent.cs","1192","D323180EB2B0E7DE0B671650426B52B70721284CBD50CDC76DF4F08C79103E0D"
"src/FulfillmentHub.Domain/Deliveries/DeliveryEventDisposition.cs","244","DE498A7F74F7D1A2728822DB717AD5D4A07A168436451BA3357187F25CD78E60"
"src/FulfillmentHub.Domain/Deliveries/DeliveryId.cs","358","880EABEA28D79489A0756258376FC1A59C56E502E327F1625FB26C6FC0DFB0E7"
"src/FulfillmentHub.Domain/Deliveries/DeliveryQuote.cs","2301","FA09A4D8C8F3780EEF73AC6A4A1AA8ADC2013DBD6E681C31DDDB840AAA74801E"
"src/FulfillmentHub.Domain/Deliveries/DeliveryQuoteId.cs","378","B1664F5D5A6F16DF889301244DD20EEFE8AEAAEA0120618E64EB1223EF703093"
"src/FulfillmentHub.Domain/Deliveries/DeliveryStatus.cs","466","E56F449613BDCEFF4F6F04DBC457ECAA3B9410013E62ABA86B8153CE1629F164"
"src/FulfillmentHub.Domain/FulfillmentHub.Domain.csproj","141","9067B1EEE3294AE1D88467F1DFF844BE4FBD466A1E16D3B944A4B7788D28C63D"
"src/FulfillmentHub.Domain/Identity/Role.cs","115","EC5DA0EAF58F3FB9AF6742C5449E3A983CB57809B8AA8F6F3E0BA7488B9A9BF6"
"src/FulfillmentHub.Domain/Identity/User.cs","2734","2A0E0AFF08375E771F8913993400A01E064231F48D58D64A72F51E2978287D5C"
"src/FulfillmentHub.Domain/Identity/UserId.cs","340","BBC14A6CE49CA018A306D490B26928B8A53032E71A1147DCE33E039B037590A5"
"src/FulfillmentHub.Domain/Orders/Events/OrderCancelled.cs","258","635E11CBBFC4994B4146C62E515D77EF10D869D8CC622CABE41B1CFFFDC6B04E"
"src/FulfillmentHub.Domain/Orders/Events/OrderDelivered.cs","181","A69F702B859137C1541BF9822AE79EDC3DDBDB81EDDC522BFA694634AF34C018"
"src/FulfillmentHub.Domain/Orders/Events/OrderDeliveryRequested.cs","252","749A40E4E6EE91717C45EB6549FA68AC34B8B428CEEFC7859C59732BAAB57B69"
"src/FulfillmentHub.Domain/Orders/Events/OrderPaid.cs","235","8E4D1E6D52E9EE6466BCB0AE5390A056D336611B0E2A03E539560EF97DE4A0DF"
"src/FulfillmentHub.Domain/Orders/Events/OrderPlaced.cs","253","9B6D32A9E54615DE790F9E12A23A53CCA02B0D8C947085998B64164AD80D4120"
"src/FulfillmentHub.Domain/Orders/Order.cs","9624","3C56622E6E8E566557D9D8C482F22150EC12F6E41A2D33360466B49A02B444E3"
"src/FulfillmentHub.Domain/Orders/OrderCancellationReason.cs","227","FD356BAE0EF28FAD3A89DC4E971747F5A871AAFDF81181E5E1BD2612817CD311"
"src/FulfillmentHub.Domain/Orders/OrderId.cs","342","19DEF9B509BDE1147D68D296995690E923E55448EF1AE4678701A60C401CAD2F"
"src/FulfillmentHub.Domain/Orders/OrderItem.cs","1341","32B297D4552CBF496E26B1F0E9EECAB26AFFAC4E0837A8A2FBD5E182A69E34FD"
"src/FulfillmentHub.Domain/Orders/OrderLine.cs","272","3A2549A8357DF214894A8350A64368A8C11FD666719D46B228334BDAD94C9B06"
"src/FulfillmentHub.Domain/Orders/OrderStatus.cs","210","B44EB147F6614AC3D239F2127978F29AB4017E45515BCA506FBA089911709083"
"src/FulfillmentHub.Domain/Orders/OrderStatusChange.cs","1023","75D240F096BEC771CCE5C57D53616ACE971611D7B9315244A2757014C48CF3BD"
"src/FulfillmentHub.Domain/Payments/Events/PaymentPaid.cs","380","E50204CD8159A503CC6EC99A387DF10C4D40A3CCC65F052EDDA7BFC49F74E4E4"
"src/FulfillmentHub.Domain/Payments/Payment.cs","7026","B1B23E8E5AC7CA6315A5BEEDA1D9A59322305F4A86C2C8F478DFBFDA8F9291EF"
"src/FulfillmentHub.Domain/Payments/PaymentAttempt.cs","1452","12D804DEE30BF7B46AAF336A4BCEA7908D582296AD46834B276B180014CB8757"
"src/FulfillmentHub.Domain/Payments/PaymentAttemptOutcome.cs","169","620797DF70B30DB2D454956417F9FCE7AED838A8EE7584F162B192B187F9A3D8"
"src/FulfillmentHub.Domain/Payments/PaymentId.cs","352","19BBE76196B0A7999D9A43849E12CC761174E771DF3EFAC0F9287515A3EDD91D"
"src/FulfillmentHub.Domain/Payments/PaymentStatus.cs","177","8A09044EA88DC24D7A772CBFEF4D6554F3CBA5EB413035258445BD5198FC3EF1"
"src/FulfillmentHub.Domain/packages.lock.json","61","03EEADC5EF377C17F787AB65F41FB4C8A9C936BB7F7F4171111FDEEC8A81CB46"
"src/FulfillmentHub.Infrastructure/FulfillmentHub.Infrastructure.csproj","1716","21AE8E215F9D527F16714A308945B7FD447F966BBE939BE9101BF13987EED5B4"
"src/FulfillmentHub.Infrastructure/Idempotency/IdempotencyRecord.cs","2343","97AD044B3BAA84B3ABD053FB68C1D6DD8B2962D46A90D016B53070694C89CBC7"
"src/FulfillmentHub.Infrastructure/Idempotency/IdempotencyStore.cs","4545","012A8E1426CAE8DB327038C5C0325EE9627DD61C5D6DB3368E1278DB005B00A4"
"src/FulfillmentHub.Infrastructure/Identity/AuthSession.cs","461","3063E4D275778511FB3DD35BF18262FB0B79D850600926E1E0FD66954DB601C2"
"src/FulfillmentHub.Infrastructure/Identity/IdentityPasswordHasher.cs","1676","9959F412895BA17F75B2F4A3F22031FBCACDA78F6295A610B5327B126B489553"
"src/FulfillmentHub.Infrastructure/Identity/IdentityServiceCollectionExtensions.cs","1022","06BB216C40D11C40EAE6A6F95192187290795E47A8BC8530ACD5E1F2D0AB3D10"
"src/FulfillmentHub.Infrastructure/Identity/JwtClaimNames.cs","394","2E923EF5236FC560310EB7B511B64EF8E5A63BEC989A7EC296E9813FBEDB5889"
"src/FulfillmentHub.Infrastructure/Identity/JwtOptions.cs","1269","B31A5D45BA89340325BD1D10B30F0C1128E11E523D16934DBC3D3AEA8DD6C092"
"src/FulfillmentHub.Infrastructure/Identity/JwtTokenService.cs","2190","1E6DD399CCB6DCCC919396EB1E551331951951715AFCE41E7B6C3C7E42B81150"
"src/FulfillmentHub.Infrastructure/Identity/RefreshCredential.cs","326","F10F659BEDC1FC37ED1D9C73B2371CD8D9A03AB95CC41867E8C747E2805092F8"
"src/FulfillmentHub.Infrastructure/Identity/SessionOptions.cs","203","E0081E5DE0BF2D7B00358C12594A729BC66BE1D905F84FF8C872B23ADF3D7282"
"src/FulfillmentHub.Infrastructure/Identity/SessionService.cs","8008","1E42A9F25D793F4C01C31B96603A63620810A069050A793E9A4BD99BE0B971A7"
"src/FulfillmentHub.Infrastructure/Messaging/MessagingServiceCollectionExtensions.cs","1995","2A2CA25F1746FD99F1241D1CEB8EB6C8E264B8966D35F559FB15FE9B880291BD"
"src/FulfillmentHub.Infrastructure/Messaging/ProcessedMessage.cs","859","AC0467A9524D299B9D6F890B58C41155CDCF3D899B82D9CC0F67BA495F5E2D77"
"src/FulfillmentHub.Infrastructure/Messaging/SqsMessagePublisher.cs","2792","4A04381926781BB2C76C91FB1969DD9BC5DE21718372638D745BA209EF0B551E"
"src/FulfillmentHub.Infrastructure/Messaging/SqsOptions.cs","2458","3C2655087571A8B6CE074D62E215E4839B56EC27DDD58F9A22DAF09FC0663C2E"
"src/FulfillmentHub.Infrastructure/Messaging/SqsQueueProvisioner.cs","3789","53BCA4008386D00FB7EE8DB3856366C439832BC1E1FECE2D9A634AA3C9BF07EE"
"src/FulfillmentHub.Infrastructure/Outbox/OutboxDispatcher.cs","4577","70E6D9EF78F318F55DDD7295CA1D454E5B6CF4A95162FC8C1B1F09E502440DCD"
"src/FulfillmentHub.Infrastructure/Outbox/OutboxEventSerializer.cs","3929","B4D913F4B59415A553E4122A7FBE1C1A4FB0568032DED414A2E1AB18D628AFDA"
"src/FulfillmentHub.Infrastructure/Outbox/OutboxInterceptor.cs","3780","BA1B474A3C76B510B52BBEA7979A49F6A793319FBE0AECDB7D0B9706DB03C951"
"src/FulfillmentHub.Infrastructure/Outbox/OutboxMessage.cs","3456","86862CE2DC086E9A61A211126C7857B49B4EA49E7707D971BF3ED63363B50CC5"
"src/FulfillmentHub.Infrastructure/Outbox/OutboxOptions.cs","1077","498ECF477F03C7D5A056251AF05B0EB98AF7881ED4CC9B10F334BEDE6667D256"
"src/FulfillmentHub.Infrastructure/Outbox/OutboxProcessor.cs","7165","94900EBD1DD97EDC465A39F43EC87595520E4DA0536140814DFABF1FBB90F0B2"
"src/FulfillmentHub.Infrastructure/Outbox/OutboxServiceCollectionExtensions.cs","721","E41A4D7036E4E4C8B783B8FC5BEDF7B870786F47B72F68247A8A48D59C977112"
"src/FulfillmentHub.Infrastructure/Persistence/Configurations/Catalog/ProductConfiguration.cs","1172","1A8F454298A24FB3A65D201C5D463182B9DCBE5FB1F14CC9BD72D151EA4CEF5C"
"src/FulfillmentHub.Infrastructure/Persistence/Configurations/Customers/CustomerAddressConfiguration.cs","987","653518BB98846AA59E1C29666D0E362D169B65742365D16A14987BFBFA8DC19B"
"src/FulfillmentHub.Infrastructure/Persistence/Configurations/Customers/CustomerConfiguration.cs","1260","168859011CF9D407385F9F0A222EB7821F92F712E5341BA0D006D74C2328CC79"
"src/FulfillmentHub.Infrastructure/Persistence/Configurations/Deliveries/DeliveryConfiguration.cs","2283","0630B9527D3983227A19D3C7D5EC3504308E502548171D86CF79210BA8034B41"
"src/FulfillmentHub.Infrastructure/Persistence/Configurations/Deliveries/DeliveryEventConfiguration.cs","1275","1BF311C1F64BA21080347E73947EBAEEFF2E359B88C19E137992F54FD2EB2E5C"
"src/FulfillmentHub.Infrastructure/Persistence/Configurations/Deliveries/DeliveryQuoteConfiguration.cs","1028","AEEA6BAD2DFCCA8DD6E39A034342CB7E22CEE64BF18BFB43B750E64EAFEDF051"
"src/FulfillmentHub.Infrastructure/Persistence/Configurations/Idempotency/IdempotencyRecordConfiguration.cs","1235","9A812FA47EEDF361D7120CD2B77CC2601971925ED286791EF3788B3DFE7E8EB1"
"src/FulfillmentHub.Infrastructure/Persistence/Configurations/Identity/AuthSessionConfiguration.cs","757","80A14491D30111D28E9ABFDCBCCB4F981FC2EEBED772EBC1C750DE4E4ED16538"
"src/FulfillmentHub.Infrastructure/Persistence/Configurations/Identity/RefreshCredentialConfiguration.cs","714","3FD3D7F421E3FCC1DFBE9E8E04079AAA8B4FD7AFF95A5CDC092AF35F9E0A44D2"
"src/FulfillmentHub.Infrastructure/Persistence/Configurations/Identity/UserConfiguration.cs","1161","101746B83E8F81748716699088D294BA398D39FF58F8E0E81F636199C1360B4B"
"src/FulfillmentHub.Infrastructure/Persistence/Configurations/Messaging/ProcessedMessageConfiguration.cs","780","DF9D952057683521CAE149608B5C4ECA68BC44519DA7397318B2E12E2D801F32"
"src/FulfillmentHub.Infrastructure/Persistence/Configurations/Orders/OrderConfiguration.cs","2084","10B9BE45BA85171F34450F32119A7F4D10DE0EF49F1CFA3BCC243194B2E42804"
"src/FulfillmentHub.Infrastructure/Persistence/Configurations/Orders/OrderItemConfiguration.cs","1277","5BED6527E4A927E2265DC2C99FA3F0651FC22B42764C940C2E7ADF36D96141B3"
"src/FulfillmentHub.Infrastructure/Persistence/Configurations/Orders/OrderStatusChangeConfiguration.cs","1003","81E420965CC2D6F1C986F2C5EC174C7533039403EA2F6614EF6D8D4A1545CBDE"
"src/FulfillmentHub.Infrastructure/Persistence/Configurations/Outbox/OutboxMessageConfiguration.cs","1241","58D91071861D9927989A8DBA1EEE734B3D2E93FC5677CA44E6F8AEC99D04F8AA"
"src/FulfillmentHub.Infrastructure/Persistence/Configurations/Payments/PaymentAttemptConfiguration.cs","1068","A8E05737E2963C0A4C46AA10AC121EC85DA1D5CA7F099FB7D66778869A70F9E6"
"src/FulfillmentHub.Infrastructure/Persistence/Configurations/Payments/PaymentConfiguration.cs","1831","E3F5A3BA94A188649995619F71C27156487A2CC37C2E34A2E6251DDC42C1F361"
"src/FulfillmentHub.Infrastructure/Persistence/Configurations/Webhooks/WebhookEventConfiguration.cs","1430","9179663686B3C514FECBCCAF9532D476B645125AEC59E23C288A4A25F234B234"
"src/FulfillmentHub.Infrastructure/Persistence/Conventions/ConcurrencyConfigurationExtensions.cs","744","808448E94C797F87A74E3404B5FB0A7C8D01FA6ED57A5EEB654BFEDB21929F14"
"src/FulfillmentHub.Infrastructure/Persistence/Conventions/StronglyTypedIdConverter.cs","621","5BBB562CFA3C1D45B850879A6E1613C7CFACB0DB522EC0191775458FCCD45FF0"
"src/FulfillmentHub.Infrastructure/Persistence/Conventions/ValueObjectConfigurationExtensions.cs","2184","2B5DDA078F629CBF461D0F425DAF6C835ED628E8DF9B3AAB0085CDEA56F69682"
"src/FulfillmentHub.Infrastructure/Persistence/DatabaseOptions.cs","371","79C3B0C70591D6F01EF1ACC98509814D51680C2D0330451931815D6E4F77EF2E"
"src/FulfillmentHub.Infrastructure/Persistence/FulfillmentHubDbContext.cs","3097","60680D55BB3FA932DB0A3C3BD9A6C8E7E940AAF08744732FE2E5B5AAFF34003E"
"src/FulfillmentHub.Infrastructure/Persistence/Migrations/20260918123638_InitialCreate.Designer.cs","983","F483A54769327FCAD6B7E4A0F3D0A8E477E82840691498DDED139B8FCBA1368D"
"src/FulfillmentHub.Infrastructure/Persistence/Migrations/20260918123638_InitialCreate.cs","463","E565222DE2D0BCCBA737DBE36CA12618E279992C083267BE523E56B93C6C0863"
"src/FulfillmentHub.Infrastructure/Persistence/Migrations/20260918131229_DomainModel.Designer.cs","44371","82C067CBF5D64C9D1D0BC46DDDD26A7954BD19CDF671D52EA4FC4399F3C89528"
"src/FulfillmentHub.Infrastructure/Persistence/Migrations/20260918131229_DomainModel.cs","26800","0E6D4EE4448C1B939FE82B4C18BDCF20C2F04D9B4C03AFD4633AFAD1A90DD616"
"src/FulfillmentHub.Infrastructure/Persistence/Migrations/20260918140549_IdempotencyRecords.Designer.cs","46892","330DB3AC8C9A9E1BD116C383C9E3E394E341C7FC8F9E49A97F47653D2783B8FE"
"src/FulfillmentHub.Infrastructure/Persistence/Migrations/20260918140549_IdempotencyRecords.cs","2301","2460B05C2668B81970E5B7414BFD7D15F1AEFBA23D07234B263DD14498EFACC8"
"src/FulfillmentHub.Infrastructure/Persistence/Migrations/20260918143818_WebhookEvents.Designer.cs","50027","1E675F0946671E2725795E3405F4934DAB70EAF6964C37CDD5A83FEE4BCC04CF"
"src/FulfillmentHub.Infrastructure/Persistence/Migrations/20260918143818_WebhookEvents.cs","2602","E785FCFB08E07BF6CB704F344677F9EBE69494EEAE7835795EADD59419C612A4"
"src/FulfillmentHub.Infrastructure/Persistence/Migrations/20260918170717_OutboxMessages.Designer.cs","53530","C9F9BCF6CAF44BF89C0F2D7A0F5A68ED99F03433739238CBAE60EDD0B71E90E9"
"src/FulfillmentHub.Infrastructure/Persistence/Migrations/20260918170717_OutboxMessages.cs","2854","72E5CD3AF4C4F606D667B0C325B6A27F52265A2E73875A78D83E8944077478A5"
"src/FulfillmentHub.Infrastructure/Persistence/Migrations/20260918173803_ProcessedMessages.Designer.cs","54591","4526F277BC6E4F41043794BB348038B35D141A17B821A0837AE41C489BA6F008"
"src/FulfillmentHub.Infrastructure/Persistence/Migrations/20260918173803_ProcessedMessages.cs","1443","D354E7915BF28F22CF825F05297517BEB6202D128270D3337CE99F2A33E3EA43"
"src/FulfillmentHub.Infrastructure/Persistence/Migrations/20260924122322_AuthenticationSessions.Designer.cs","59374","5DD001AB7F9E74398C000E571DA3739C9A4AF0FAE6EBF63FFFA7C54363B58C34"
"src/FulfillmentHub.Infrastructure/Persistence/Migrations/20260924122322_AuthenticationSessions.cs","3694","1B5772D569D7F7AB188C8B7731D9020206F22D852FF2989E63B96E8E85FB9884"
"src/FulfillmentHub.Infrastructure/Persistence/Migrations/FulfillmentHubDbContextModelSnapshot.cs","59263","093F8F25590F0183136932A043BE160E0CEF4C2EEBD4B07D643A54F24A5FC6BE"
"src/FulfillmentHub.Infrastructure/Persistence/PersistenceServiceCollectionExtensions.cs","2309","41902BE7B2EA2741082021844B891B81E2758C9044FFC0C2368BF7D619B4D11A"
"src/FulfillmentHub.Infrastructure/Providers/Deliveries/DeliveryAccessTokenProvider.cs","4139","61124003CAC1C1892452248566E79A78067BAB37CECEDCA56AF0F08EB1CC2722"
"src/FulfillmentHub.Infrastructure/Providers/Deliveries/DeliveryBearerTokenHandler.cs","1337","208CD9B90C3B6E2358137CE449B39C6FDD66103314BBA11E271F730DBFF3A2CA"
"src/FulfillmentHub.Infrastructure/Providers/Deliveries/DeliveryProviderContracts.cs","2164","8C1CBA9541D72FE398278D792FDE3DC68E1E8B80CFC3FF50C724EA6ECA95980F"
"src/FulfillmentHub.Infrastructure/Providers/Deliveries/DeliveryProviderOptions.cs","1713","ECC18C08E2868D6C6C8F5883397F44C6DA68ADF95E6CEC9E7BB9B549F34D2959"
"src/FulfillmentHub.Infrastructure/Providers/Deliveries/DeliveryProviderServiceCollectionExtensions.cs","2586","867768A6DF0E9DBBFBF7FD56B970FFAD12205261CA254C0716BF356D5EE084F9"
"src/FulfillmentHub.Infrastructure/Providers/Deliveries/DeliveryWebhookProcessor.cs","3902","BB8E9AB0B36067FA7AAC807B5EA2DA40E5C4E96C8F090BEB23C063600B4EEB2D"
"src/FulfillmentHub.Infrastructure/Providers/Deliveries/SimulatedDeliveryProviderClient.cs","11967","1DD064E38238DA794B3DE8DDE3CE52FE3538C7AF38AF8FC4E40211276FB98FEE"
"src/FulfillmentHub.Infrastructure/Providers/Payments/PaymentProviderContracts.cs","822","F0122ED1ECE0E796E11CD888F7AD40B0FCA03458AB491AF2C25CEA657703EDD2"
"src/FulfillmentHub.Infrastructure/Providers/Payments/PaymentProviderOptions.cs","997","F4E1E3BBAF8EEF48DC1ACF625720C9CC3939BB60624BAAD9A24EE620D1289324"
"src/FulfillmentHub.Infrastructure/Providers/Payments/PaymentProviderServiceCollectionExtensions.cs","1754","CB6F744BD74CD7E291C10AF19BC9A24CAB9D06AA2DAEA054CDD58EC971E4C8C6"
"src/FulfillmentHub.Infrastructure/Providers/Payments/PaymentWebhookProcessor.cs","3233","398B51EBF1DC628060B132B938B63B6878C2D19410300165C69FBAA60A3E23BC"
"src/FulfillmentHub.Infrastructure/Providers/Payments/SimulatedPaymentGatewayClient.cs","8207","E898305B7D151AA26D1318C7F52DFD772A1DBC3B1CC32912A2EE2BE2C305EE65"
"src/FulfillmentHub.Infrastructure/Providers/ProviderResilienceExtensions.cs","3247","836BED00139CFE7F8270893BD07F7B5BDF36E7264A8CFB904530364DA0F38977"
"src/FulfillmentHub.Infrastructure/Providers/ProviderResilienceOptions.cs","1183","FDD135BB03EBBFB16CDADAF8E6001BAB5D815B90559CC53FDDC5E0743228043E"
"src/FulfillmentHub.Infrastructure/Seeding/DevelopmentSeeder.cs","3861","ABAC066F72C3779F339B1AEC959F67342FA9F36AFF67C27ACE9CF178377934F3"
"src/FulfillmentHub.Infrastructure/Seeding/SeedOptions.cs","773","C07264D6A06BB9561653E2D269DC52E3D7ED1BF4429C05A2325275F272336731"
"src/FulfillmentHub.Infrastructure/Seeding/SeedingServiceCollectionExtensions.cs","620","2ED6863F8598B94663FF0FE7961668C4726903F05A2A59F88CBBB9DEB502D3EF"
"src/FulfillmentHub.Infrastructure/Telemetry/TelemetryHostBuilderExtensions.cs","2871","A48D0FAB1D099808465F482A8E1F15EAF1074C27DA9FF3B563FAD6ACE2480AAC"
"src/FulfillmentHub.Infrastructure/Telemetry/TelemetryNames.cs","377","2AAAF5C396D432F468CA66535C30A8F13424463308C4A7A1FFE793DB44705808"
"src/FulfillmentHub.Infrastructure/Webhooks/IWebhookProcessor.cs","748","6DA95235376F40C1123AA651B380D4A60FC87EFFB03FB6FDAC1D57B9E66F970B"
"src/FulfillmentHub.Infrastructure/Webhooks/WebhookEvent.cs","2463","2EBC83C6474936AC5DBDEC5370053A5513EB2E6684F02ADD6DD7C6A663AFD1BC"
"src/FulfillmentHub.Infrastructure/Webhooks/WebhookEventProcessor.cs","3671","F810289C8EBD99AE7F6F501D9BA0CF962C6CACD5954AEDD0EC5D15427F876329"
"src/FulfillmentHub.Infrastructure/Webhooks/WebhookInbox.cs","2945","A297F22FCC74FF6B74071B62EFBE890807C598DE88DAFC975907D08FD84AB284"
"src/FulfillmentHub.Infrastructure/Webhooks/WebhookSignatureVerifier.cs","2146","2044D786CD1F8ADBB550E51643DE5EFFE990F37C4CA18F01F656D5D45AF62C18"
"src/FulfillmentHub.Infrastructure/packages.lock.json","32068","CA066E8CBB0D50F376838E4054B3B4D86FD80731BDE8EFFE482B4590D5382C33"
"src/FulfillmentHub.ProviderSimulator/Common/ChaosFilter.cs","2839","A88778C80DB8726973ABCB405532D062D2C94440B7972F5EACB41E8213B9B8EA"
"src/FulfillmentHub.ProviderSimulator/Common/ChaosOptions.cs","1030","4AA187EBC2EED6B74F108A125A166A8669E5F32F2E0D09203CC35E93A32DDBF4"
"src/FulfillmentHub.ProviderSimulator/Common/OutgoingWebhook.cs","449","51F2AA623EE7AD3E4B1F43CCA3CDECDDBCE9A69B0244D38E8326EC82F94ED4CE"
"src/FulfillmentHub.ProviderSimulator/Common/ProviderErrors.cs","503","52D2DB304CB76E7985593BFC789FABC1FF08877003111EDE1A09941E84B2B6C6"
"src/FulfillmentHub.ProviderSimulator/Common/WebhookDispatcher.cs","4715","86CF2BC8F939B4CCF7162451CBB3CB1D8C0ED6E4C258A95FEA84F99B2C31E1BC"
"src/FulfillmentHub.ProviderSimulator/Common/WebhookOutbox.cs","557","5D70A47F20A82B354822B9B9F63682BC56490AD4A20512C40E7C24F1B39393D5"
"src/FulfillmentHub.ProviderSimulator/Deliveries/DeliveryContracts.cs","3282","7DECF808681264AFEC35F5E0B5DFF7583E3794360C1C4BED9677A156DFF60BC0"
"src/FulfillmentHub.ProviderSimulator/Deliveries/DeliveryLifecycleService.cs","3544","FB33E4FCF2F3A00D2A95C9C076191DC98F5C4D5C7E86F400B924503078C4A043"
"src/FulfillmentHub.ProviderSimulator/Deliveries/DeliverySimulatorEndpoints.cs","7539","C443ED1EFEFCB73BC1F209BA4D4ED9F2836040F0654B8033A94EA1ABF4AA8167"
"src/FulfillmentHub.ProviderSimulator/Deliveries/DeliverySimulatorOptions.cs","2340","4F4334FE2FC3E6053C84C406996565522548ECDA484E5C3456B68B210A3ED148"
"src/FulfillmentHub.ProviderSimulator/Deliveries/DeliverySimulatorStore.cs","10160","0BDB4BB546A483386E68B09E558931A2F1199C69E13E9D445E79F377F266661B"
"src/FulfillmentHub.ProviderSimulator/Deliveries/DeliveryTokenIssuer.cs","1953","DAF432DFFF39BA822CDB47EB88FEC3CC0F97027A0BA41E85CA1F89F3F3B5192B"
"src/FulfillmentHub.ProviderSimulator/Deliveries/SimulatedDelivery.cs","2723","130F817012490CB5E4B8E0FAECC2E34581D386C442BDC95F637BC251DFAC9B63"
"src/FulfillmentHub.ProviderSimulator/FulfillmentHub.ProviderSimulator.csproj","501","63BCA199A25AFD3F1AAB3CB4B4BBFFB85FEBB516987002D1FAB0619163669F0E"
"src/FulfillmentHub.ProviderSimulator/Payments/PaymentContracts.cs","1497","BC942D87D20F22567F4E6D798067C3442235FAA45BDBDB20491FB5D51C659C0C"
"src/FulfillmentHub.ProviderSimulator/Payments/PaymentSettlementService.cs","2907","9762AD14C9956E76AFBE562A7BC1E89085040E39676CD975CDF3C32DE2E24AE9"
"src/FulfillmentHub.ProviderSimulator/Payments/PaymentSimulatorEndpoints.cs","4015","CEDE4A5AD606FBC03A50111B055048B082ADA512B5BF4FD3F2C87641B1738ECE"
"src/FulfillmentHub.ProviderSimulator/Payments/PaymentSimulatorOptions.cs","1601","85CEFCF375EF67831E714372696E2FCA2FFD9284886824FBD42BF3DF28D2C321"
"src/FulfillmentHub.ProviderSimulator/Payments/PaymentSimulatorStore.cs","5327","2F78B278F76C37D38E5BB88B6415676A05B24E3E1BCF8DAD6DC8AB27D3A1ED7C"
"src/FulfillmentHub.ProviderSimulator/Payments/SimulatedPayment.cs","1142","761A298BE87041410C9F54CD3032DA17A53E22B17CA929B70CA9FEACC233B06A"
"src/FulfillmentHub.ProviderSimulator/Program.cs","3570","28FBA796FEEE34EAFA26D0B38627BE51A515D4C76EB97E30DA7B9C99588F4B0F"
"src/FulfillmentHub.ProviderSimulator/Properties/launchSettings.json","341","6187963E600AA122BFC80A9036B0CA4F4471264166EC29A6131961DED7F1DCD3"
"src/FulfillmentHub.ProviderSimulator/README.md","3576","082A6114D3A27F80603E57A4F565329B42B8F82C73B66E6232F5E703FE6E8CA2"
"src/FulfillmentHub.ProviderSimulator/appsettings.Development.json","628","F034C4E505A05AD7C4C26F1C97977F2DD0E2CA64022D42EAE20CFB4A12DD7649"
"src/FulfillmentHub.ProviderSimulator/appsettings.json","1076","65B6F6DFCCE2D962124AFB8AFE59B8CFC0644AEE457ABD86ED231C8871E9550F"
"src/FulfillmentHub.ProviderSimulator/packages.lock.json","2327","D47E8F949C4807EA66FB18A873A23506102957E34E1B3009C7E65E80AEDC23AA"
"src/FulfillmentHub.Worker/DeliveryReconciliationOptions.cs","686","5BECC53F58A63F2BB445D50175D27CCE237DE863CB1EEBD6F8FD769676245861"
"src/FulfillmentHub.Worker/DeliveryReconciliationService.cs","1067","E541C9D7F50CD78889392A6CCDC011CE196E2B7310CC38CA88D4D706949B88D8"
"src/FulfillmentHub.Worker/DeliveryRequestOptions.cs","406","85B3283816A6CC41302D4201285D9F50945EC6BEF5D03E76E82A390E7C1B9AEB"
"src/FulfillmentHub.Worker/DeliveryRequestService.cs","1113","497865292C9962B8A82D9375A09206309EC258DF58BCC6EBC75B49332DF0FCBD"
"src/FulfillmentHub.Worker/FulfillmentHub.Worker.csproj","476","343DFFC86C039042A32BA8460F9CFB686C62C0F6A8C1EE37EFE91074435B1CAE"
"src/FulfillmentHub.Worker/HeartbeatService.cs","1570","A825876E6E52645671B4203DDB7B2B3E7C35194983FBA15AC89CBCEA3206CA7E"
"src/FulfillmentHub.Worker/Messaging/DomainEventsConsumer.cs","1337","381A272988BF63F0766F2A16DE83B5420184CDB1D91F4E9660B7B45DA00474F5"
"src/FulfillmentHub.Worker/Messaging/SqsConsumer.cs","8981","CF5B723359A13AEFC789C312F9FBA002219F67CE2AF8395DA76A13BFB7C970F8"
"src/FulfillmentHub.Worker/Messaging/SqsProvisioningService.cs","628","07F8B44862EB754A76DBA5F0BAA71E2906AE01BA6CDEE25C678CCCC33A1AE8E1"
"src/FulfillmentHub.Worker/Messaging/WebhooksInboundConsumer.cs","1926","B6EE73AE7DA33B65DAC0BD444031833923DE45979477BFECC71B2EB16A985365"
"src/FulfillmentHub.Worker/OutboxPublisherOptions.cs","466","6D8DEF4170DBB8B884952F5DC76ECF692FC6F5572026FDDE4A1EBC753B855D59"
"src/FulfillmentHub.Worker/OutboxPublisherService.cs","1066","E04967B6E3CEB94093FD1F993E4EAF1C2275660E71D51F82291687C72809AEFD"
"src/FulfillmentHub.Worker/PaymentReconciliationService.cs","1123","F98EC74206D8CE06C61D56AAF0ABBDC3CE9F644A4814A4222B30446527208D8C"
"src/FulfillmentHub.Worker/PeriodicJob.cs","2253","D9B2E94AB3F1D783CC7C72BA1F92848E47DF12E95D12A5615BC474A174FBB826"
"src/FulfillmentHub.Worker/Program.cs","158","B392177C3EB9CE2D2F3CF57719D9704718A53FA4B76FEFDE502ECB601D31A2C2"
"src/FulfillmentHub.Worker/Properties/launchSettings.json","260","7DB7FD8CA5888A726B7C23E180EF9962A5E3DB4771C969C74F25023F42E4E7DE"
"src/FulfillmentHub.Worker/ReconciliationOptions.cs","676","8A9DADEE40461C75589B9DF13496295E566043C201179872B01D9BD1A36F2397"
"src/FulfillmentHub.Worker/WorkerHostBuilderExtensions.cs","3049","24EF9683D027F085886AA967A893BCE4451D8095E76539A96720557B05F627F9"
"src/FulfillmentHub.Worker/WorkerMetrics.cs","800","58A8928FAAC71A9061E4C3B7DF15C4BC9A046E2AB8B65B6716C59687D1C18FF5"
"src/FulfillmentHub.Worker/WorkerOptions.cs","248","FC529B3AC5175FB946DE2A611C7941C553E852F5E82DB77E509BD3735A319E41"
"src/FulfillmentHub.Worker/appsettings.Development.json","265","E5E5867322C64BE42F7A7E0B9C86409289AF7CD8BDDB78E843EDD5ED569D48AC"
"src/FulfillmentHub.Worker/appsettings.json","1974","83E055697A6DFC09F5672B60F438EA649AD9853068F895E15DB0D95304CED039"
"src/FulfillmentHub.Worker/packages.lock.json","33423","8E10FF87594D3A969E00953CB19508C592F6C71B29A4583635881F3C68F7B659"
"tests/Directory.Build.props","777","D46A188E1CEF36E7E0DA4ECEE963E7B65792D26CF966A46C459D408B9D80F32E"
"tests/FulfillmentHub.ArchitectureTests/FulfillmentHub.ArchitectureTests.csproj","777","17881F2822AB464DA34A757496E182D380090CFD3B81A1309B5BE12945AC90B1"
"tests/FulfillmentHub.ArchitectureTests/LayerDependencyTests.cs","3085","DD3CC251AE3ACA66011C94394A3E34F741EE249C58BDD204AEF4A3C6F34A7C21"
"tests/FulfillmentHub.ArchitectureTests/LogMessagePrivacyTests.cs","3390","CB59A778C1984D1AEA15A3A579F2CF69BE724CF03E0664C16FCE7220D910EEAD"
"tests/FulfillmentHub.ArchitectureTests/packages.lock.json","45968","C388B79E599C1972343E0D3F42996E342FD2357436AF26F52064C8C731E85820"
"tests/FulfillmentHub.E2ETests/FulfillmentHub.E2ETests.csproj","396","E8E9E7D19FBBF98D449833B999E46E03CF2803A0EB287233D05002B00F5F2B34"
"tests/FulfillmentHub.E2ETests/OrderFlowsTests.cs","2560","8C71DCC8AECB019ED6A80442FE22529EEBA8F03E9C5676E03B9D8DA8FCF5BD7F"
"tests/FulfillmentHub.E2ETests/RunningSystem.cs","4704","9EE2A948A4AC5F3BC04F7EB6BFE28EE9194831DDDBE467F14D529E20E5429DF6"
"tests/FulfillmentHub.E2ETests/SecurityTests.cs","2734","79D8292E1583A21BF8A7563A47E11EB375F42B13E609103ABD354B60D61B10E0"
"tests/FulfillmentHub.E2ETests/packages.lock.json","6847","1D9089E9F5572CDED4B1F9CBFC38986E7D7A718C2756C7AB96A4561A8D8C446D"
"tests/FulfillmentHub.IntegrationTests/Api/HealthEndpointsTests.cs","3564","A6D513535D844EB09E4A52F6AFF7956AB953CC9411FD2A360A4CA8559E979435"
"tests/FulfillmentHub.IntegrationTests/Api/RequestPipelineTests.cs","3115","C9143EC8B560205B98E5FC4BE5EE9E7931DFF70C0C12FE6C8D5F5B6424801AA5"
"tests/FulfillmentHub.IntegrationTests/Api/SecurityHeadersTests.cs","4015","1E002EB005BC8226C197AE8F5FD53104DCC832F7184442B18BB9E22FF96C31F0"
"tests/FulfillmentHub.IntegrationTests/Chaos/ChaosConvergenceTests.cs","6381","93D19B23BA165BA1670DB970E882CAD7D600D540E5F536A2E1330CBF12067BFD"
"tests/FulfillmentHub.IntegrationTests/Deliveries/DeliveryFlowTests.cs","18475","1BB22CA22F95390643D6B07C13A822C64416C3D1F8E5D802777BEF4ED9A72932"
"tests/FulfillmentHub.IntegrationTests/Deliveries/DeliveryWebhookTests.cs","11919","FF5516369769C677B9AA596B2FC7261025DDD988FE498D6255EB6478C22E3710"
"tests/FulfillmentHub.IntegrationTests/Fixtures/ApiFixture.cs","9052","659EA178A46CDB07AF4ADC8B0C66FEC5A3E6A55809CC33078AA2CB06A89123DA"
"tests/FulfillmentHub.IntegrationTests/Fixtures/OutboxControl.cs","3183","8691FAFF417ECE2721B810ACF84E54821E656300386B3E92B2888CF7247C246A"
"tests/FulfillmentHub.IntegrationTests/Fixtures/ProviderOutage.cs","1883","D4B25EF772FA01A73C5925B8A3DC9905811F60E4D7251BCAD3C64D73D38964AE"
"tests/FulfillmentHub.IntegrationTests/Fixtures/ProviderSimulatorFactory.cs","2927","B088EBB93FF3957795AABD4AF77D03B3D2630BEF4BEEF66D59743A2DA14CECD7"
"tests/FulfillmentHub.IntegrationTests/Fixtures/SqsApiFixture.cs","2337","7773A1C17D8B60B25444220DA936B33065A06AB02EEFD222B1B722BA88B6035A"
"tests/FulfillmentHub.IntegrationTests/Fixtures/TestChaos.cs","1100","692DD811D0C778BA4BC93585B869DFC00F01DD8CFB59668178DF6AE4C3C95C04"
"tests/FulfillmentHub.IntegrationTests/Fixtures/TestClientAddressMiddleware.cs","1241","797D4C22AB70E4A1412874188140BB3F6D47752CEDC1FDDA1D3B95197F4CF4B0"
"tests/FulfillmentHub.IntegrationTests/Fixtures/TracePropagationHandler.cs","1103","4210A6CFC5619D3746FA1E6078CC39C1F0347C93617ADAAA532F26B3BA62B1FC"
"tests/FulfillmentHub.IntegrationTests/FulfillmentHub.IntegrationTests.csproj","677","7EEA9AE067D2B4F39E0978C498BE8F6CCC6BD630CB74AA7673C10950B36F77F1"
"tests/FulfillmentHub.IntegrationTests/Identity/AuthEndpointsTests.cs","8339","42F287EAA517025D64F74B248DC39D824C47B154A4C8944C39B270B4BEA756FC"
"tests/FulfillmentHub.IntegrationTests/Identity/AuthorizationTests.cs","4140","8CC4458E4E7413F676F7C03675BB9EC599A217FA94A5DA590B6FAB2DE0C44716"
"tests/FulfillmentHub.IntegrationTests/Identity/ProxyTests.cs","6481","E2C2C0417B721B05A33AB98088D71A28CFEAC3ED24227FDB164EE7D63A00F60F"
"tests/FulfillmentHub.IntegrationTests/Identity/SessionTests.cs","15524","20EDF9505355A2C3FDA80ACD136151ACC035276DA0A783E5ABEB9319A63FEFE9"
"tests/FulfillmentHub.IntegrationTests/Messaging/SqsMessagingTests.cs","8702","BC0AF1E463E5438EF7764B2101B97AADBA39FAC261AE0AFB36B36B700A64A953"
"tests/FulfillmentHub.IntegrationTests/Orders/OrderAccessAndCancelTests.cs","8187","1C614AA1B65C307559761785A06B04814BA9962E4138BBA6143A30AB0AB88250"
"tests/FulfillmentHub.IntegrationTests/Orders/OrdersTestSupport.cs","2751","7CEE0901B04654BB05A2C630B3C558EB387C84F47E0C12B2295D499663FA9F9D"
"tests/FulfillmentHub.IntegrationTests/Orders/PlaceOrderRateLimitTests.cs","1702","747CF29820A0EA0432F284CE6A7577FC77DD6D78586CCE1987A888A8EF31C68C"
"tests/FulfillmentHub.IntegrationTests/Orders/PlaceOrderTests.cs","10596","B964CEC9F51E9FBC4F3D934B2C089D82BB66C177FD1692D0AE1D0FBAB6A043C5"
"tests/FulfillmentHub.IntegrationTests/Outbox/OutboxTests.cs","12635","BA39BD1432EC5B5C4DF11352DDBA9119C54218BB2AA12CC0F233FEE19BFC9600"
"tests/FulfillmentHub.IntegrationTests/Outbox/TraceContinuityTests.cs","4559","46C0B1DA7BC2D3BA60F32C90334E3041D38BAEEAF80E2CF8FFAFADAD55EA7B33"
"tests/FulfillmentHub.IntegrationTests/Payments/PaymentFlowTests.cs","12779","64D7C91F3F7E0A6368E6D678877C8C1D9F91A2A9D67FE551E75A1B873D83AFEE"
"tests/FulfillmentHub.IntegrationTests/Payments/PaymentSimulatorContractTests.cs","4300","46BE1CABB04401C2160E266E31EA727225055F1A350C15E0C98B320AF0DDE16D"
"tests/FulfillmentHub.IntegrationTests/Payments/PaymentsTestSupport.cs","6652","63ED0DF5C1C66BF084331C1210C66411822A7C3B72C455A355BE1F2F440AB566"
"tests/FulfillmentHub.IntegrationTests/Persistence/DatabaseConstraintTests.cs","6357","9CB9DEAA1D1974ADBA3577CA6B431D0545943D3C5401F148BA1BF7EAF2B2B8DF"
"tests/FulfillmentHub.IntegrationTests/Persistence/DomainPersistenceTests.cs","7063","0FEA6A1AA6516CB103A8E521248978A8300EC8C1144C4B6A5ABF9B8DB81F55F8"
"tests/FulfillmentHub.IntegrationTests/Persistence/MigrationsTests.cs","1249","B7C8B66243F9397A62B7AAB6B846C3648EB9D5AB6F2CF39570B46EEB2B4DE846"
"tests/FulfillmentHub.IntegrationTests/Worker/WorkerCompositionTests.cs","3411","06572BA16C4F60A1063510C9F8B4494F8DF8D86C4000090FC19ACA651D7A7868"
"tests/FulfillmentHub.IntegrationTests/packages.lock.json","51099","C62FC002C85B35EF81F44C7A5BC98CC22D4B5C3DE53DE3665AA80EC41C828269"
"tests/FulfillmentHub.UnitTests/Contracts/ProviderContractTests.cs","8282","2FDE253DF3C2B219AAF9ED2E6685E9AA42DA13B9DB6215AF42B29A429F23C398"
"tests/FulfillmentHub.UnitTests/Deliveries/DeliveryProviderClientTests.cs","13410","96581A200EDA91B1D5D5C4FDC17A219C3A0C88BDE84D14AD1A369B9C7A02DFBE"
"tests/FulfillmentHub.UnitTests/Domain/CustomerAndUserTests.cs","2177","650BE65A020316CCB0B1AA13ED655BAD92DFC0BA7104A76B7667BC9716B9A309"
"tests/FulfillmentHub.UnitTests/Domain/DeliveryTests.cs","5625","9A0CD7D3AC13A15848FB3CF00DEB5BDC83596988D2042925265B5C25AD6B2BB1"
"tests/FulfillmentHub.UnitTests/Domain/MoneyTests.cs","1628","B0152AC463E62E327457CE6C350C6246DA14A992DF9B5BB6D9216A19F2F1E66A"
"tests/FulfillmentHub.UnitTests/Domain/OrderTests.cs","9833","D34541804F1915136A19E16A9364C623BF539E65B10C07FC3218CD025C0945B9"
"tests/FulfillmentHub.UnitTests/Domain/PaymentTests.cs","4054","A7F2839D9104CF090E4E74062F3BAD63FC40F8DF386F4BBC72D5A781DCDB1AEF"
"tests/FulfillmentHub.UnitTests/Domain/ProductTests.cs","2698","B54F56D72F268419E7EBA1241356506FF426440715154BEAEEBB8E5EFB9ADEE6"
"tests/FulfillmentHub.UnitTests/Domain/TestData.cs","4024","50B3800BD1D23232CD10AB2112AA3DD158237D0FF2DE8C72E6FF686C2CEEA4D8"
"tests/FulfillmentHub.UnitTests/Domain/ValidationPrivacyTests.cs","767","6126D7C50513260E19D372B547CE425868B5412F58662F078316D4329A3B903C"
"tests/FulfillmentHub.UnitTests/Domain/ValueObjectTests.cs","2147","AF0C1C1C7438EAC2735823487AAE1B1D3009DA228B8737384242813FF8B8E4B9"
"tests/FulfillmentHub.UnitTests/FulfillmentHub.UnitTests.csproj","777","4F944E5A94309F609699C30D7C09BD40B3C7D8F4DAA8A273BFAA9B930BF03517"
"tests/FulfillmentHub.UnitTests/Identity/IdentityPasswordHasherTests.cs","1286","F7C4105EB5A36BAFECD254FFF9EE792EC2ECBB7D607F3DDD69BFE74EEDB39536"
"tests/FulfillmentHub.UnitTests/Identity/JwtTokenServiceTests.cs","2696","98F09F645EAC7655257929E0111E8B37567A12B70F49ADD9FE07281253EDC7F3"
"tests/FulfillmentHub.UnitTests/Payments/PaymentGatewayClientTests.cs","8106","CDE280967AB639A5BFECC30F5252B802C768F2B664BD3E80E7BBC93E97A69D67"
"tests/FulfillmentHub.UnitTests/Payments/WebhookSignatureTests.cs","1789","CB95ADBD20BEB2DD90CFE09367EB23EDB3052D4A6145FC8EEAB74291DD2C0CB6"
"tests/FulfillmentHub.UnitTests/Support/ScriptedTransport.cs","3426","CCA3853CAFD964C26F0B31E31836CD42C902CB898ECDE579398D660608222501"
"tests/FulfillmentHub.UnitTests/Worker/HeartbeatServiceTests.cs","3515","0F5A4E0C629902B4CEE459C1872E0D598692DA84DE9F1F051CD9ACD374CF7D00"
"tests/FulfillmentHub.UnitTests/packages.lock.json","41510","C62884A84A6D8C35363B32E8133AA0340C9AA0E6F1B64B979953F236E9A10FB9"
